PostId,RecruitPostId,RecruitPostName,LocationId,LocationName,BGId,BGName,OuterPostTypeID,CategoryName,ProductName,Responsibility,Requirement,LastUpdateTime,PostURL,SourceID,IsCollect
1546463656298946560,91789,C++ SDK引擎开发工程师（CSIG全资子公司）,6,武汉,29294,CSIG,40001001,技术,,"1、负责腾讯地图引擎的功能开发，架构和性能优化；
2、负责向C端和B端用户交付高质量的引擎； 
3、根据产品及开发需求完成高质量的编码和测试工作，编写清晰的设计及接口文档，积极推动所负责业务模块的性能优化及需求落地；","1、本科及以上学历，计算机、软件或地理信息（GIS）相关专业，2年以上工作经验； 
2、精通C++语言，具备扎实的基本功和良好的编程习惯； 
3、有渲染、导航、诱导播报领域知识经验者佳 有跨平台开发或适配的经验，有移动端（Android）开发经验佳，有车载系统开发经验佳； 
注：此岗位为腾讯集团旗下全资子公司编制岗位",2022年12月07日,http://careers.tencent.com/jobdesc.html?postId=1546463656298946560,1,False
1555383492710244352,92198,自动驾驶仿真c++开发工程师（CSIG全资子公司）	,6,武汉,29294,CSIG,40001001,技术,,"1.参与系统的需求分析、架构设计、模块编码等研发工作
2.参与现有仿真核心引擎相关架构的迭代优化，保证系统稳定高效运行
3.配合支持仿真核心引擎上云的相关开发优化工作","1.计算机相关本科以上学历，3年以上工作经验
2.熟练掌握基本的数据结构及相关算法，复杂度分析方法
3.熟练掌握C++，并至少熟悉一门脚本语言（phython/shell等）
4.熟练掌握多线程/多进程编程相关技术，熟悉OS基本原理
5.熟悉TCP/UDP/HTTP/websocket等通信协议，有一定的相关开发及调试经验
6.有K8S/docker/分布式系统等相关经验优先
注：此岗位为腾讯集团旗下全资子公司编制岗位",2022年11月30日,http://careers.tencent.com/jobdesc.html?postId=1555383492710244352,1,False
1546412317124599808,91339,40931-自动驾驶仿真c++开发工程师（CSIG全资子公司）,6,武汉,29294,CSIG,40001001,技术,,"1.参与系统的需求分析、架构设计、模块编码等研发工作
2.参与现有仿真核心引擎相关架构的迭代优化，保证系统稳定高效运行
3.配合支持仿真核心引擎上云的相关开发优化工作","1.计算机相关本科以上学历，3年以上工作经验
2.熟练掌握基本的数据结构及相关算法，复杂度分析方法
3.熟练掌握C++，并至少熟悉一门脚本语言（phython/shell等）
4.熟练掌握多线程/多进程编程相关技术，熟悉OS基本原理
5.熟悉TCP/UDP/HTTP/websocket等通信协议，有一定的相关开发及调试经验
6.有K8S/docker/分布式系统等相关经验优先

注：此岗位为腾讯集团旗下全资子公司编制岗位",2022年11月15日,http://careers.tencent.com/jobdesc.html?postId=1546412317124599808,1,False
1358355137801756672,72926,41071-子公司-腾讯会议C++/Windows开发工程师（CSIG全资子公司）,6,武汉,29294,CSIG,40001001,技术,,"1. 负责腾讯会议Windows客户端研发、技术研究和维护;
2. 负责腾讯会议 C++ 跨平台框架的开发和维护;
3. 负责腾讯会议 C++ 跨平台框架架构设计.","1. 计算机相关专业本科以上学历;
2. 1 年以上 C++ 开发经验;
3. 对 stl 等标准库有深入了解;
4. 有音视频相关开发经验的优先;
5. 有 Windows，Mac，iOS，Android 开发经验的优先;
6. 编程基本功扎实，具有良好的代码风格;
7. 熟悉面向对象程序设计，熟悉常见的设计模式;
8. 工作态度积极，善于主动学习思考，责任心强，对技术有强烈兴趣;
9. 思路严谨，具备良好的分析解决问题能力，能独立承担任务;
10. 有良好的沟通协作能力、抗压能力，有强烈的主人翁意识推进项目进展.
注：此岗位为腾讯集团旗下全资子公司编制岗位 通过腾讯云从业资格证或同等资格认证的优先录取",2022年11月21日,http://careers.tencent.com/jobdesc.html?postId=1358355137801756672,1,False
1505733859461832704,89957,56231-《UE4科幻开放世界PVE射击手游》3C策划（深圳）,1,深圳,956,IEG,40003002,产品,腾讯游戏,"负责IP世界观架构和剧情构建；
开放世界地理、环境、人文、怪物、POI等设定，与美术协作进行概念落地；
开放世界环境叙事与事件、玩法的叙事设计；
剧情任务制作落地与工具链维护；
为各种玩法、系统的包装提供世界观支持。
","4年以上游戏文案策划经验，有从游戏研发到上线的完整项目经历，对世界观构建、传统剧作、游戏叙事呈现手法、内容制作落地有较为深刻的理解；
优秀的文案功底，科幻作品阅读量广。有科幻类题材的写作经验者优先；
有丰富的游戏经历，FPS经历丰富者优先；
熟悉UE4引擎及任务工具制作者优先。
",2022年11月28日,http://careers.tencent.com/jobdesc.html?postId=1505733859461832704,1,False
1358355602656468992,72931,41071-子公司-腾讯会议客户端C++开发工程师（CSIG全资子公司）,9,西安,29294,CSIG,40001001,技术,腾讯云,"岗位职责：
  1. 负责腾讯会议 C++ 跨平台的开发和维护；
  2. 负责腾讯会议平台效率工具建设。","任职要求：
  1. 计算机相关专业本科以上学历；
  2. 3 年以上 C++ 开发经验；
  3. 对 stl 等标准库有深入了解；
  4. 有 Windows，Mac，iOS，Android 开发经验的优先；
  5. 有 NodeJS，Python 等技术积累的优先；
  6. 编程基本功扎实，具有良好的代码风格；
  7. 工作态度积极，善于主动学习思考，责任心强，对技术有强烈兴趣；
  8. 思路严谨，具备良好的分析解决问题能力，能独立承担任务。

备注：此岗位为腾讯集团旗下全资子公司编制岗位 通过腾讯云从业资格证或同等资格认证的优先录取",2022年11月21日,http://careers.tencent.com/jobdesc.html?postId=1358355602656468992,1,False
1358374845867368448,72944,41071-子公司-腾讯会议客户端C++开发工程师（CSIG全资子公司）,6,武汉,29294,CSIG,40001001,技术,腾讯云,"岗位职责：
  1. 负责腾讯会议 C++ 跨平台的开发和维护；
  2. 负责腾讯会议平台效率工具建设。","任职要求：
  1. 计算机相关专业本科以上学历；
  2. 3 年以上 C++ 开发经验；
  3. 对 stl 等标准库有深入了解；
  4. 有 Windows，Mac，iOS，Android 开发经验的优先；
  5. 有 NodeJS，Python 等技术积累的优先；
  6. 编程基本功扎实，具有良好的代码风格；
  7. 工作态度积极，善于主动学习思考，责任心强，对技术有强烈兴趣；
  8. 思路严谨，具备良好的分析解决问题能力，能独立承担任务。

备注：此岗位为腾讯集团旗下全资子公司编制岗位 通过腾讯云从业资格证或同等资格认证的优先录取",2022年11月21日,http://careers.tencent.com/jobdesc.html?postId=1358374845867368448,1,False
1600268915437477888,10000071,Senior Game Server Engineer - Lightspeed,1301,新加坡,956,IEG,40001001,技术,,"-Evaluate and design massively scalable game back-end services and assist in developing the project architecture;
-Evaluate and design periphery back-end services and assist in developing the project architecture. Singapore-CapitalSpring | Singapore-WeWork","-5+ years of experience in Linux backend development;
-Proficient C/C++ skills and knowledge of advanced data structures and algorithms;
-Experience in most general software design patterns;
-Highly skilled in TCP(UDP)IP, networking, client-server systems",2022年12月07日,https://tencent.wd1.myworkdayjobs.com/Tencent_Careers/job/Singapore-WeWork/Senior-Game-Server-Engineer---Lightspeed_R100035-1,4,False
1600737560106115072,10000122,NLP senior researcher,1301,新加坡,956,IEG,40001005,技术,,"1. Design and build NLP algorithms for semantic analysis, intent recognition, chatbot, machine translation, knowledge graph, named-entity recognition.
2. Conduct research to advance the state of the art in NLP and create technical solutions at scale to real world challenges in various application scenarios.
3. Design and build NLP algorithms for semantic analysis, intent recognition, chatbot, machine translation, knowledge graph, named-entity recognition. Singapore-CapitalSpring | Singapore-WeWork","- Master’s degree or PhD. in computer science, AI, applied math, automation, pattern recognition, bioinformatics, statistics or a related field.
- Proficient in one or more programming languages (e.g. C/C++, Java, python); 
- Experience in large-scale dat",2022年12月07日,https://tencent.wd1.myworkdayjobs.com/Tencent_Careers/job/Singapore-WeWork/NLP-senior-researcher_93955-1,4,False
1600737553193902080,10000120,Senior Quality Assurance Tester,1301,新加坡,956,IEG,40001001,技术,,"Ability to organize and manage the team to accomplish quality goals;
Recruit and build the testing team, improve team building and development, and achieve good cross-team cooperation;
Optimize and improve testing efficiency, analyze test data and results to identify patterns and influence game quality;
Work with the quality control team and external partners to test content quality and integration;
Take on the responsibility of ensuring quality in our products and game operations;
Focus on improving the team's overall performance. Singapore-CapitalSpring | Singapore-WeWork","Bachelor’s degree or higher;
3+ years of experience as a software tester;
Practical experience in game testing;
Ability to quickly pick up new technical skills and execute effectively;
Very observant along with good analytical and logical reasoning abilities;
Practical experience with leading a team to complete the testing project;
Ability to work under pressure, have a strong interest in and passion for games;
Have knowledge in a Programming Language (C++,C,C#,PHP,Python);
Familiar with main operating systems (Windows, Linux, Android ), TCP protocol, etc;
Experience in server performance testing, capability testing, and safety testing is preferred.",2022年12月07日,https://tencent.wd1.myworkdayjobs.com/Tencent_Careers/job/Singapore-WeWork/Senior-Quality-Assurance-Tester_93953-1,4,False
1601099381551931392,10000138,Senior Video System Engineer,401,帕罗奥多,29294,CSIG,40001005,技术,,"Develop algorithms to improve VR/360 video and other high dimensional data content delivery efficiency.
Develop projects, plugin, demos and SDKs.
Analyze performance, and tuning algorithms for streaming media playback US-California-Remote | US-Palo Alto","Minimum Qualifications:

MS in Computer Science, Electrical Engineering or related technical field, or equivalent practical experience.
Familiarity with Unity and Unreal Engine plugin development
Proficiency in C/C++/C#
Knowledge of streaming media protocols: HTTP Live Streaming (HLS),DASH, RTMP, RTSP, and GStreamer pipelines.
Understand media codecs, formats, transports and container protocols, such as Webm, HEVC, AAC, MP4, TS, etc
Familiarity with CDN architectures (caches, origin servers, proxies, etc)
Excellent debugging and troubleshooting skills using network analysis tools such as WireShark, etc

Preferred Qualifications

Experience in AR/VR and 360 video streaming is a plus",2022年12月08日,https://tencent.wd1.myworkdayjobs.com/Tencent_Careers/job/US-Palo-Alto/Senior-Video-System-Engineer_5423104002-1,4,False
1511894521468690432,90241,27141-UE5多平台开放世界-游戏后台开发 深圳/上海,1,深圳,956,IEG,40001001,技术,,"负责预研游戏项目后台部分架构设计； 
负责预研游戏项目后台逻辑系统的设计及编码；
与前台开发以及策划设计人员进行良好的沟通，高效的与前台开发合作设计编码和调试； 
熟练和冷静的应对运营中的突发事件，严格按照流程处理事务。","两年以上Linux后台开发经验；
精通C\C++，数据结构和算法，关注代码质量和性能优化；
熟悉常用设计模式；
熟悉网络编程以及数据库使用；
对海量、高性能、分布式开发有经验者优先。",2022年12月12日,http://careers.tencent.com/jobdesc.html?postId=1511894521468690432,1,False
1329257958869049344,68803,15570-3A游戏IP手游-资深客户端开发工程师（深圳/上海）,1,深圳,956,IEG,40001001,技术,,"负责TPS游戏Unreal 4引擎框架设计与业务需求的开发；
负责游戏开发相关工具链支持；
负责客户端性能优化及TPS游戏体验优化。
","3年以上游戏开发经验； 
精通C++或者C#，懂Objective-C，精通lua脚本语言； 
熟悉android 和 IOS 系统，数据结构、面向对象开发和设计；
具备unreal 4 引擎开发经验；
具备良好的学习和技术研究应用的能力；
出色的团队协作能力，善于沟通，敬业专注； 
责任心强，踏实肯干，有较强的自我管理和推动能力； 
有网络游戏或者移动平台游戏完整研发经验者优先。",2022年12月12日,http://careers.tencent.com/jobdesc.html?postId=1329257958869049344,1,False
1600737409274748928,10000102,Principal/Senior Researcher - Video Standards,401,帕罗奥多,29294,CSIG,40001005,技术,, US-California-Remote | US-Palo Alto,"Master degree in computer science, electrical engineering, math, statistics, or related fields
5+ years of related working experience
Publications at top-tier peer-reviewed conferences
Interest and experience in video compression and video coding standards
Strong coding skills in C/C++
Ability to communicate/collaborate with other researchers/engineers
Ability to think out of box",2022年12月07日,https://tencent.wd1.myworkdayjobs.com/Tencent_Careers/job/US-Palo-Alto/Principal-Senior-Researcher---Video-Standards_5324119002-1,4,False
1598289256579604480,10000009,IEG/Lightspeed - Senior Technical Designer,408,尔湾,956,IEG,,产品,,"Responsibilities

As an Open World Technical Designer at Lightspeed LA, you will be the liaison between the World Design and Engineering teams. You will be working with multi-disciplinary teams to optimize designer workflow, processes, and content pipeline.  You will engage in complex technical areas such as AI, physics, animation, UI, and data management.  As part of the Design team, you will be the go-to person for the implementation of complex scripted content that stretches the capability of open world systems and breathes life into the ambient world US-Irvine","Required Skills

5+ years of proven game design and scripting experience in a professional environment.
A strong desire for solving complex technical and creative problems
A good understanding of object-oriented programming patterns.
Assume responsibility for scripting intricate content and systems
Set the bar for the design department’s implementation of scripted content


Preferred Qualifications

Technical Degree (CS, IT, SE, CE, or equivalent work experience) is a plus
Multiple programming languages: one of C/C++/C#/Java to a reasonable knowledge
Ability to drive problem solving by predicting problems, producing test cases, and implementing fixes in systems and tools
Strong experience with Visual Scripting languages (Kismet, Blueprint, etc.)
A deep understanding of how open world systems affect gameplay",2022年12月07日,https://tencent.wd1.myworkdayjobs.com/Tencent_Careers/job/US-Irvine/IEG-Lightspeed---Senior-Technical-Designer_4680034002-1,4,False
1598289260522250240,10000011,IEG/Lightspeed - Senior Technical Designer,408,尔湾,956,IEG,,产品,,"Responsibilities

As an Open World Technical Designer at Lightspeed LA, you will be the liaison between the World Design and Engineering teams. You will be working with multi-disciplinary teams to optimize designer workflow, processes, and content pipeline.  You will engage in complex technical areas such as AI, physics, animation, UI, and data management.  As part of the Design team, you will be the go-to person for the implementation of complex scripted content that stretches the capability of open world systems and breathes life into the ambient world US-Irvine","Required Skills

5+ years of proven game design and scripting experience in a professional environment.
A strong desire for solving complex technical and creative problems
A good understanding of object-oriented programming patterns.
Assume responsibility for scripting intricate content and systems
Set the bar for the design department’s implementation of scripted content


Preferred Qualifications

Technical Degree (CS, IT, SE, CE, or equivalent work experience) is a plus
Multiple programming languages: one of C/C++/C#/Java to a reasonable knowledge
Ability to drive problem solving by predicting problems, producing test cases, and implementing fixes in systems and tools
Strong experience with Visual Scripting languages (Kismet, Blueprint, etc.)
A deep understanding of how open world systems affect gameplay",2022年12月07日,https://tencent.wd1.myworkdayjobs.com/Tencent_Careers/job/US-Irvine/IEG-Lightspeed---Senior-Technical-Designer_4680034002-2-1,4,False
1600737556582899712,10000121,Senior Game Development Tester,1301,新加坡,956,IEG,40001001,技术,,"Define technical design and architecture for new automation solutions, actively implement automation features and develop high-quality code;
Work with R&D teams and keep improving games modules compatibility testing, client/server performance testing, etc., to provide our players with a better experience;
Help to drive continuous process improvements for the QA department and the project team;
Work in a fast-paced environment that requires a frequent shift in areas of focus. Singapore-CapitalSpring | Singapore-WeWork","3+ years of hands-on experience in video games quality assurance;
Bachelor or higher degree from an accredited college/university;
Familiar with C/C++ or Java languages;
Familiar with one of the following scripting languages: shell, Perl, and python;
Expertise in LINUX and TCP/IP, HTTP messaging protocol;
Experience with White-Box testing, server/client performance testing, capability testing, and security testing is preferred.",2022年12月07日,https://tencent.wd1.myworkdayjobs.com/Tencent_Careers/job/Singapore-WeWork/Senior-Game-Development-Tester_93954-1,4,False
1595715302014853120,93954,15851-Senior Game Development Tester,1301,新加坡,956,IEG,40001001,技术,,"Define technical design and architecture for new automation solutions, actively implement automation features and develop high-quality code;
Work with R&D teams and keep improving games modules compatibility testing, client/server performance testing, etc., to provide our players with a better experience;
Help to drive continuous process improvements for the QA department and the project team;
Work in a fast-paced environment that requires a frequent shift in areas of focus.","3+ years of hands-on experience in video games quality assurance;
Bachelor or higher degree from an accredited college/university;
Familiar with C/C++ or Java languages;
Familiar with one of the following scripting languages: shell, Perl, and python;
Expertise in LINUX and TCP/IP, HTTP messaging protocol;
Experience with White-Box testing, server/client performance testing, capability testing, and security testing is preferred.",2022年12月07日,http://careers.tencent.com/jobdesc.html?postId=1595715302014853120,1,False
1593116956888670208,93803,27141-Senior Backend Engineer,1301,新加坡,956,IEG,40001001,技术,,"Evaluate and design massively scalable game back-end services and develop the project architecture;
Evaluate and design periphery back-end services and develop the project architecture.","3+ years of experience in Linux backend development;
Skillful at C/C++, with knowledge of data structures and algorithms;
Experience in common software design patterns;
Highly proficient in TCP(UDP)IP, networking, client-server systems, and high-performance distributed systems;
Experience in Micro-services, Cloud Native Architecture, Docker, container-driven systems, and SQL/No-SQL Databases;
Strong sense of responsibility and good at communication.",2022年12月07日,http://careers.tencent.com/jobdesc.html?postId=1593116956888670208,1,False
1352448388049674240,72179,28937-游戏图形开发工程师,1,深圳,956,IEG,40001001,技术,,"负责为开发游戏引擎中的图形、动画技术；
负责与美术和技术美术讨论需求，共同合作提升游戏品质；
负责优化图形、动画及相关引擎模块的性能。
Responsible for developing graphics/animation technologies in game engine;
Responsible for discussing requirements with artists and technical artists, and improving product quality via collaboration;
Responsible for optimizing performance of graphics, animation and related engine modules.","本科或以上计算机科学相关专业；
熟悉 Unity 或 UE4 的图形渲染管道及开发；
熟悉图形学算法，关注前沿图形学技术及其在游戏中的应用；
熟悉 CPU/GPU 架构及相关开发技术；
责任心强，善于沟通；
熟悉 C/C++，具备扎实的数学、数据结构和算法基础，熟悉常用设计模式；
熟悉性能和内存优化，测试驱动开发；
熟悉 PC／移动端平台的游戏开发。
Bachelor or above degree in computer science or related curriculum;
development experience;
Familiar with the graphics pipeline and development in Unity or UE4;
Familiar with computer graphics algorithms, follow state-of-the-art compute graphics technology and their application in games;
Familiar with CPU/GPU architecture and related developent skills;
Highly accountable, good communication sklls;
Fluent in C/C++, solid knowledge in mathematics, data strctures and algorithms, good knowledge in common design patterns;
Familiar with performance and memory optimization, test-driven development;
Familiar with PC/mobile platform game development.",2022年12月07日,http://careers.tencent.com/jobdesc.html?postId=1352448388049674240,1,False
1474275801233891328,87530,15851-高级游戏测试工程师（深圳）,1,深圳,956,IEG,40001002,技术,,"负责移动游戏产品的测试工作，保障项目顺利发布；
优化、提高团队与项目组之间的良好沟通渠道，以及测试效率和输出质量。","本科以上学历，计算机相关专业，有3年以上游戏测试经验，有具有快速熟悉业务流程和优化，并建立完善质量体系的能力；
有全局观，对质量体系、流程、测试风险把握、测试范畴的定义有很好的理解和应用，具有移动互联网相关经验(Android、iOS)尤佳；
熟悉至少一门开发或者脚本语言，C++、C、C#、Java、PHP、Python等；
优秀的执行力和抗压能力，热爱游戏测试，乐于主动反馈和积极思考。",2022年12月01日,http://careers.tencent.com/jobdesc.html?postId=1474275801233891328,1,False
1554398328039415808,92147,WXG12-WeChat Data Scientist,1301,新加坡,14129,WXG,40001005,技术,,"About Tencent
Tencent is an Internet-based platform company founded in Shenzhen, China, in 1998. We use technology to enrich the lives of Internet users and assist the digital upgrade of enterprises. Our mission is ""Value for Users, Tech for Good"". We embrace a culture of teamwork & creativity and are driven by our values - Integrity, Proactivity, Collaboration and Creativity.

We are rapidly expanding our international operations and are looking for top talent to propel us forward. Combining the results-oriented nature of a start-up with the resources of a profitable and leading Internet company, Tencent offers a unique opportunity for aspiring individuals to thrive.

About WeChat
With over 1.2 billion users worldwide, WeChat is changing the mobile landscape by connecting people, services, and businesses in China and around-the world. The WeChat team in Singapore is responsible for managing and growing our core product including messaging and social networking for users around the world.

Join the WeChat team and play an impactful role in keeping people around the world connected, help redefine how people use their mobile devices to communicate and interact online and to better understand user behaviour and preferences of users worldwide.

Roles & Responsibilities
•	To look into both qualitative and quantitative data sets, perform analysis to derive problems and to build solutions through the use of machine learning and deep learning approaches
•	Collect large sets of structured and unstructured data from independent sources, cleaning and validating the data to ensure accuracy, completeness, and uniformity	
•	Analyzing the data to identify patterns or trends via Machine Learning, Deep Learning models to look for actionable insights, potential opportunities and/or threats to WeChat ecosystem
•	Interpreting the data to discover solutions or opportunities and building a story-board to communicate such insights to the business for actions
","•	Bachelor degree in Mathematics, Economics, Statistics, Data Science, Computer Vision or similar quantitative field
•	Ability to communicate complex ideas to non-technical stakeholders in a way they can easily understand and appreciate.
•	Good knowledge of Python or C/C++ programming language
•	Self-driven, innovative, collaborative, with good communication and presentation skills, able to translate between business and technical audiences
•	Fluency in both English and Mandarin to deal with international stakeholders and stakeholders who are based in HQ
",2022年11月28日,http://careers.tencent.com/jobdesc.html?postId=1554398328039415808,1,False
1451083297483399168,84915,15575-《王者荣耀》高级客户端开发（战斗组）（成都）,8,成都,956,IEG,40001001,技术,腾讯游戏,"负责王者荣耀moba核心战斗系统； 
在技术框架下，实现英雄技能新特性以及关卡玩法新机制； 
完善开发管线，实现快速迭代及验证制作内容； 
负责局内性能，crash等问题的定位，针对各平台存在的帧率，内存问题进行优化；","本科及以上学历，3年以上游戏相关开发经验； 
精通c++，熟悉c#，掌握常用算法及设计模式，数学,物理基础扎实； 
具有优秀的学习能力和沟通能力，有责任心，对游戏事业有热情； 
有moba开发，熟悉引擎底层机制，crash定位，性能优化经验者优先考虑；",2022年11月23日,http://careers.tencent.com/jobdesc.html?postId=1451083297483399168,1,False
1451126280635293696,84943,15851-高级游戏测试工程师(上海),3,上海,956,IEG,40001002,技术,,"1、负责移动游戏产品的测试工作，包括功能、性能、自动化、代码质量等维度；
2、负责项目/模块的测试计划排期和测试任务跟踪执行，及时提出风险项和确保所负责项目/模块的质量；
3、负责项目/模块的测试流程优化、测试效率优化、外网质量改进等；
4、针对测试行为中的难点和盲区提出新的测试方案，引入或开发新的测试方法和测试工具； 
","1、本科以上学历，计算机相关专业，有2年以上竞技手游测试经验；
2、有全局观，对质量体系、流程、测试风险把握、测试范畴的定义有很好的理解和应用，具有移动互联网相关经验(Android、iOS)；
3、熟悉主流操作系统原理（Windows、Linux、Android、iOS）、网络协议等，有过前后端性能、安全、兼容等专项测试经验；
4、熟悉至少一门开发或者脚本语言，C++、C、C#、Java、PHP、Python等；
5、优秀的执行力和抗压能力，热爱游戏测试，乐于主动反馈和积极思考。",2022年12月01日,http://careers.tencent.com/jobdesc.html?postId=1451126280635293696,1,False
1579297741022961664,93254,27141-Senior Game Client Engineer - Lightspeed,1301,新加坡,956,IEG,40001001,技术,,"Implement and improve a variety of fast and efficient core software using Unreal Engine 5;
Maintain and build code using C++ for all assigned work streams;
Help provide architectural oversight across the entire application;
Collaborate to devise optimal engineering solutions to technical challenges.","3+ years of experience working as a Software Engineer, Unreal Developer or comparative role;
Experienced with multiplayer gameplay systems, network replication, core engine and Virtual Reality technologies;
Shipped at least 1 title utilizing Unreal Engine 4/5, preferably within a technology role;
Great understanding of modern C / C++/Blueprints;
Solid technical understanding or experience with JSON, REST, Socket & Websocket standards;
Excellent communication and collaborative problem-solving skills;
Familiarity with source control (git/p4/subversion/...).

Preferred skills
Hands-on experience from the technical side of game production;
Knowledge of C#, TypeScript, Python, or related languages;
Working with build or data cooking automation;
Working with CI/CD pipelines and their care and maintenance;
Working in open source projects;
Experience working with other platforms (consoles, Linux, macOS) and toolchains (GCC, Clang, …).",2022年10月11日,http://careers.tencent.com/jobdesc.html?postId=1579297741022961664,1,False
1546182180047167488,91143,15851-游戏语音合成方向研究员senior researcher（深圳/洛杉矶/新加坡）（深圳）,1,深圳,956,IEG,40001005,技术,,"负责语音合成相关算法的研发工作，快速应用到业务中；
追踪语音合成方向的前沿研究，改进现有方法，撰写论文专利；
研究，设计，实施，评估和优化新颖的算法/模型，从而提高实际场景中的性能。
Responsible for TTS algorithms and other research and development work，quickly apply them to business;
Follow the latest developments in academia and improve existing methods and publish papers;
Research, design, implement, evaluate and optimize novel algorithms/models that lead to improved performance in real world scenarios.","热爱游戏行业者优先；
计算机/数学/语音/人工智能相关专业，硕士及以上学历；
精通C/C++、Java、Python等至少一门编程语言；
扎实的机器学习/深度学习基础，熟悉基本方法论和经典算法；
熟练使用至少一种深度学习框架，包括但不限于 PyTorch/TensorFlow/MXNet；
有ICASSP，Interspeech，ASRU等国际会议，IEEE和ACM等相关期刊文章者优先；
有良好的逻辑思维能力和数据敏感度，能够熟练阅读和编写英文论文。
Passionate about the gaming industry is preferred;
Master’s or PhD Degree in computer science, mathematics, speech processing or AI fields;
Proficient in at least one programming language such as C/C+ 、Java 、Python;
Solid machine learning/deep learning foundation, familiar with basic methodology and classical algorithms;
Familiar with at least one deep learning platforms such as PyTorch,TensorFlow,MXNet,etc.;
Publication of high-quality academic results in academic journals and conferences such as ICASSP, Interspeech, ASRU, NIPS, IEEE, ACM, etc.;
High ability in logical thinking and data sensitivity and proficient in English reading and writing academic papers.",2022年12月04日,http://careers.tencent.com/jobdesc.html?postId=1546182180047167488,1,False
1557251457802051584,92290,合金弹头服务器高级开发工程师,1,深圳,956,IEG,40001001,技术,,"负责服务器端的架构工作；
负责游戏服务器端功能需求开发工作；
负责服务器端研发效能工具开发工作;
负责服务器端性能优化工作。","本科及以上学历，1年以上开发经验；
熟悉C++/C, shell，Linux开发环境；
有良好的工程开发能力；
有良好的沟通协作能力和产品运营风险意识；
有平台分布式架构经验者优先；
喜欢游戏，对游戏产品有较深刻理解或游戏业务开发经验者优先；
熟悉python，golang者优先。",2022年12月07日,http://careers.tencent.com/jobdesc.html?postId=1557251457802051584,1,False
1582280937159270400,93363,25928-无线网络通信高级工程师,1,深圳,956,IEG,40001001,技术,,"负责无线传输相关方案设计以及开发工作；
负责构建手机无线网络测试环境，根据无线网络传输特征，选择合理的传输算法，实现算法并验证算法优化效果；
完成项目相关技术文档的撰写、整理。","3年以上蜂窝通信协议开发工作经验 ，1年以上无线通信相关开发经验；
熟练掌握移动通信原理，熟悉3GPP协议以及相关标准架构；
精通C++/C，有扎实的编程功底；
熟悉TCP/IP协议及互联网常见应用和协议的原理；
熟悉Linux网络传输模块，能够进行应用层软件开发。",2022年11月28日,http://careers.tencent.com/jobdesc.html?postId=1582280937159270400,1,False
1430107281789296640,82627,56232-《UE4写实军事大世界射击手游》资深后台开发（深圳）,1,深圳,956,IEG,40001001,技术,腾讯游戏,"负责大规模游戏服务器集群的架构设计、开发和维护、性能优化；
高效地完成底层系统设计优化，以及登录、匹配、对战等系统的开发、测试和运维发布的工作；
建立完善的监控和分析系统，保证业务高质量运行，并及时响应各种突发事件；","精通Go/C/C++/的至少一种，基础扎实，具备大型项目开发经验；
具备大规模高可用微服务架构设计开发经验；
熟悉Linux系统、shell命令、调试工具等；
熟悉TCP/IP原理，有网络编程经验；
聪明好学，具备较强的分析和解决问题能力；
热爱游戏行业，性格开朗，易于沟通协作， 自驱力强；",2022年11月28日,http://careers.tencent.com/jobdesc.html?postId=1430107281789296640,1,False
1564091035859034112,92682,15851-Senior Game Client Security Engineer,1301,新加坡,956,IEG,40001001,技术,,"1.	Responsible for the design and implement of game client security solutions
2.	Responsible for the design and implement of security tools
3.	Work on research and implement the leading edge of game security technology","1. Familiarity with the client security of Windows/Android/iOS platforms, including but not limited to binary reverse engineering, vulnerability mining, code protection/obfuscation technology
2. Familiarity with C/C++ programming, prior experienced in Windows/Android/iOS platforms debugging technology
3. Prior experienced in code security audit 
4. Prior experienced in development of anti-cheat solutions
5. Prior experienced in Unity/UE game development
6. Prior experienced in Windows/Android/iOS system low level principle",2022年11月25日,http://careers.tencent.com/jobdesc.html?postId=1564091035859034112,1,False
1569959278817583104,92951,15569-QQ飞车手游-客户端资深开发工程师（深圳）,1,深圳,956,IEG,40001001,技术,,"负责游戏产品玩法需求的技术可行性评估, 技术方案的设计和实现；
协助引擎研发工程师建立高效的游戏内容制作管线，保障运行性能，完善并持续优化相关工具链；
与策划/美术/服务端程序紧密合作, 完善游戏产品, 打磨用户体验。","三年以上游戏客户端开发经验，至少参与过一款3D游戏项目，对游戏研发技术领域有较为全面的了解和关注；
熟悉软件研发领域知识(计算机系统、OS、数据结构等)，熟练使用C#, lua, C/C++；
丰富的Unity3D引擎实践经验，熟悉其框架和主要模块的功能特性，并能熟练应用于Gameplay的开发；
出色的学习能力，良好的问题分析解决能力；
责任心强，有较高的团队协作和任务跟进能力，善于沟通，使命必达；
热爱游戏，关注用户体验，有Geek精神，懂得以螺旋上升的方式追求极致。",2022年12月12日,http://careers.tencent.com/jobdesc.html?postId=1569959278817583104,1,False
1504991407432015872,89931,27141-UE5多平台开放世界-UE客户端开发,1,深圳,956,IEG,40001001,技术,,"负责客户端各系统的技术研发，基于UE5打造虚拟开放世界； 
与产品、设计、后端等上下游团队紧密配合构建技术通路； 
持续打磨产品效果并不断优化整体性能。","本科以上学历，2年以上3D游戏客户端开发经验，熟悉任一款商业开发引擎(UE/Unity/Frostbite/CryEngine等)； 
熟练掌握一门游戏客户端开发语言(c++/c#/python/lua等)，有熟悉c++优先； 
具备较好的数据结构基础，了解常用设计模式，对代码质量有一定追求，能够独立定位并解决相关问题； 
在游戏AI/大世界程序化生成/角色动画/网络同步/场景渲染/逻辑框架/插件开发等任一方向上有较好的技术积累； 
对前沿技术保持热情，良好的责任心和沟通能力，愿意尝试新方向。",2022年12月12日,http://careers.tencent.com/jobdesc.html?postId=1504991407432015872,1,False
1471016809799884800,87230,56232-《UE4写实军事大世界射击手游》客户端开发工程师（上海）,3,上海,956,IEG,40001001,技术,腾讯游戏,"负责UE4射击类游戏系统框架的端\手游兼容性架构设计与优化；
负责UE4射击类游戏的端游部分GamePlay优化与开发； 
负责UE4射击类游戏的系统框架的搭建与维护； 
能合理评估工作量，与策划设计人员进行良好沟通，持续跟进性能，体验优化；
负责UE4端转手和手转端部分工具开发和工作流程优化。","熟练掌握C++，熟悉lua或者其他脚本语言；
具有至少2年的UE4 gameplay相关开发经验；
有3C、AI、动画或者其他模块深度优化经验者优先；
有基于UE4的项目优化经验者优先；
有UE项目工具开发经验者预先；
对FPS游戏熟悉和热爱者优先；
有优秀的学习能力，善于沟通，热爱游戏事业。
",2022年11月28日,http://careers.tencent.com/jobdesc.html?postId=1471016809799884800,1,False
1544886423834861568,91539,SD3-顶级IP移动手游-客户端开发工程师(深圳),1,深圳,956,IEG,40001001,技术,,"负责客户端玩法框架设计； 
优化框架、流程以及工具，提升玩法游戏表现力和开发效率； 
开发内容包括但不限于玩法编辑器、游戏脚本、界面、动画、AI、载具等","本科以上学历，3年以上游戏客户端开发经验； 
熟练使用C++/C#，具备扎实的数据结构、算法、多线程编程、网络基础等； 
有优秀的学习能力和攻坚能力，善于沟通，具备良好的团队开发意识，热爱游戏事业，对技术有极客精神； 有3D FPS/RPG/MOBA 玩法开发经验者优先。",2022年11月25日,http://careers.tencent.com/jobdesc.html?postId=1544886423834861568,1,False
1546716892486443008,91538,SD3-PUBG MOBILE高级客户端开发工程师（gameplay）,1,深圳,956,IEG,40001001,技术,腾讯游戏,"负责客户端玩法框架设计及优化；
不断优化既有程序框架、流程以及工具，提升玩法游戏表现力和开发效率；
开发内容包括但不限于玩法编辑器、游戏脚本、界面、动画、AI、载具等。","本科以上学历，3年以上游戏客户端开发经验；
熟练使用C++/C#，具备扎实的数据结构、算法、多线程编程、网络基础等；
有优秀的学习能力和攻坚能力，善于沟通，具备良好的团队开发意识，热爱游戏事业，对技术有极客精神；
有3D FPS/RPG/MOBA 玩法开发经验者优先。",2022年11月25日,http://careers.tencent.com/jobdesc.html?postId=1546716892486443008,1,False
1546716673506025472,91390,15605-《暗区突围》引擎开发工程师（深圳）,1,深圳,956,IEG,40001001,技术,,"虚幻4/5引擎的动作、物理、特效、AI等技术的研究和运用，配合美术、策划完成功能落地；
根据需求，进行引擎功能修改以及扩展；
持续进行前沿技术探索。
","本科或以上计算机科学相关专业；
2年以上游戏开发经验，1年或以上引擎开发经验；熟悉动作、物理、特效、AI等引擎模块；
熟悉C/C++，具备扎实的数学、数据结构和算法基础，熟悉常用设计模式；
熟悉性能和内存优化；
熟悉PC/移动端平台的游戏开发；
有优秀的学习能力，善于沟通，热爱游戏事业。",2022年11月18日,http://careers.tencent.com/jobdesc.html?postId=1546716673506025472,1,False
1600268897511022592,10000062,游戏语音合成方向研究员,1301,新加坡,956,IEG,40001005,技术,,"Responsible for TTS algorithms and other research and development work，quickly apply them to business;
Follow the latest developments in academia and improve existing methods and publish papers;
Research, design, implement, evaluate and optimize novel algorithms/models that lead to improved performance in real world scenarios. Singapore-CapitalSpring | Singapore-WeWork","Passionate about the gaming industry is preferred;
Master’s or PhD Degree in computer science, mathematics, speech processing or AI fields;
Proficient in at least one programming language such as C/C+ 、Java 、Python;
Solid machine learning/deep learning foundation, familiar with basic methodology and classical algorithms;

Familiar with at least one deep learning platforms such as PyTorch,TensorFlow,MXNet,etc.;
Publication of high-quality academic results in academic journals and conferences such as ICASSP, Interspeech, ASRU, NIPS, IEEE, ACM, etc.;
High ability in logical thinking and data sensitivity and proficient in English reading and writing academic papers.",2022年12月07日,https://tencent.wd1.myworkdayjobs.com/Tencent_Careers/job/Singapore-WeWork/_R100023,4,False
1598289271972700160,10000017,IEG/Lightspeed LA - Senior Build Engineer - DevOps,408,尔湾,956,IEG,40001001,技术,,"LightSpeed LA is seeking for a talented and enthusiastic senior engineer to join our new studio in sunny Irvine California. The ideal candidate will have a strong passion for games and enabling developers to deliver the most polished experience for our players. Join our team of industry veterans and help us build a team and culture of respect that pushes boundaries while having lots of fun.

Responsibilities:

• Help maintain a culture of fast iteration and practical problem solving
• Work with IT teams to ensure a quality setup for all developers and pipelines
• Work closely with teammates to design and build highly scalable, available, and reliable CI/CD processes using proven practices
• Work with senior engineers to ensure fast interaction with source control, code review software and issue trackers
• Help others automate build and artifact delivery for multiple platforms
• Help make improvements to the team’s ability to develop and test the game, especially on consoles
• Gather metrics and implement reporting tools to aid development of the game US-Irvine","Requirements:

• Passion for games and the tech that makes them come to life
• Experience with C++, C# and Python
• Experience with CI/CD tools such as Jenkins
• Experience with source control systems such as Perforce and Git
• Ability to communicate effectively with technical artists and other engineers
• High comfort level extending and improving an established code base
• Value lean, simple, efficient, well-tested code

Preferred:

• Shipped a game on PC and Consoles
• Familiarity with AAA asset and code pipelines is a plus
• Familiarity with console build and deploy pipelines
• Experience with Incredibuild
• Experience with artifact repositories such as Artifactory
• Experience with configuration management tools such as Chef or Puppet",2022年12月07日,https://tencent.wd1.myworkdayjobs.com/Tencent_Careers/job/US-Irvine/IEG-Lightspeed-LA---Senior-Build-Engineer---DevOps_5188805002-1,4,False
1534799418924998656,91145,15851-senior researcher（Singapore）,1301,新加坡,956,IEG,40001005,技术,,"Responsible for TTS algorithms and other research and development work，quickly apply them to business;
Follow the latest developments in academia and improve existing methods and publish papers;
Research, design, implement, evaluate and optimize novel algorithms/models that lead to improved performance in real world scenarios.","assionate about the gaming industry is preferred;
Master’s or PhD Degree in computer science, mathematics, speech processing or AI fields;
Proficient in at least one programming language such as C/C+ 、Java 、Python;
Solid machine learning/deep learning foundation, familiar with basic methodology and classical algorithms;

Familiar with at least one deep learning platforms such as PyTorch,TensorFlow,MXNet,etc.;
Publication of high-quality academic results in academic journals and conferences such as ICASSP, Interspeech, ASRU, NIPS, IEEE, ACM, etc.;
High ability in logical thinking and data sensitivity and proficient in English reading and writing academic papers.",2022年12月04日,http://careers.tencent.com/jobdesc.html?postId=1534799418924998656,1,False
1579296857094365184,93246,15851-Senior Game Server Engineer - Lightspeed,1301,新加坡,956,IEG,40001001,技术,,"-Evaluate and design massively scalable game back-end services and assist in developing the project architecture;
-Evaluate and design periphery back-end services and assist in developing the project architecture.","-5+ years of experience in Linux backend development;
-Proficient C/C++ skills and knowledge of advanced data structures and algorithms;
-Experience in most general software design patterns;
-Highly skilled in TCP(UDP)IP, networking, client-server systems, and high-performance distributed systems;
-Experience in Micro-services, Cloud Native Architecture, Docker, container-driven systems, and SQL/No-SQL Databases;
-Responsible and able to control the development progress and quality of the modules under your responsibility;
-Good analytical problem-solving skills.",2022年10月11日,http://careers.tencent.com/jobdesc.html?postId=1579296857094365184,1,False
1443515293660880896,84272,40163-《王者荣耀·世界》引擎工具开发工程师（成都）,8,成都,956,IEG,40001001,技术,,"1、负责3A游戏in-house工具链研发及管线搭建；
2、负责Unreal引擎编辑器功能开发与扩展；
3、负责美术/策划内容制作和流程优化相关工具研发；
4、负责游戏项目质量保障工具链及平台研发；
5、负责全球分布式团队研发效率优化及协同能力研发。
","1、本科及以上学历，精通C/C++，具备扎实的数据结构和算法基础，熟悉常用设计模式；
2、3年以上UE或Unity引擎开发经验；
3、具有大型游戏项目管线开发经验优先；
4、具有大前端开发经验优先；
5、有责任感，有良好的沟通能力，具备团队合作精神； 
6、具备良好的抗压能力，对游戏开发充满热情。",2022年12月01日,http://careers.tencent.com/jobdesc.html?postId=1443515293660880896,1,False
1571814192980172800,93026,28603-微信支付大数据工程后台开发高级工程师,1,深圳,14129,WXG,40001001,技术,,基于海量微信支付数据，搭建全流程实时金融风控系统及其他实时数据服务，面临高并发、低时延、海量数据存储等系统挑战；参与微信支付业务系统的协同开发； 岗位职责： 负责微信支付大数据相关的工程应用平台开发，负责微信支付相关系统的协同建设开发。,本科及以上学历，计算机相关专业，3年及以上后台开发经验； 熟悉C/C++、Unix高级编程、网络编程、MySQL应用，有高并发海量服务的开发经验； 有风控系统、规则引擎、机器学习、分布式系统、大数据服务方面的开发经验者优先； 良好的沟通表达能力，执行力强，对待工作认真严谨、高度负责。,2022年11月29日,http://careers.tencent.com/jobdesc.html?postId=1571814192980172800,1,False
1465138169384017920,86476,15575-《王者荣耀》国际版客户端高级开发工程师(功能系统方向),8,成都,956,IEG,40001001,技术,,"1，负责王者荣耀游戏系统的研发；
2，负责重构和优化现有系统，优化工作流程，提高研发效率；
3，负责解决游戏产品研发和线上运营过程中的各类问题；
4，负责制作工具的开发，实现快速迭代及验证制作内容。","1，本科及以上学历，3年以上游戏开发经验；
2，熟练掌握C#，C++；
3，扎实的算法和数学基础, 系统全面的软件研发领域知识(计算机系统, OS、数据结构等)；
4，有Unity开发经验，有相关工具开发或者流程优化经验；
5，出色的学习和技术研究应用能力, 良好的团队协作能力, 善于沟通, 敬业专注。",2022年11月23日,http://careers.tencent.com/jobdesc.html?postId=1465138169384017920,1,False
1582638848578428928,93382,22989-腾讯云网络高级后台开发工程师（上海）,3,上海,29294,CSIG,40001001,技术,,"1. 负责腾讯云网络数据转发相关的开发工作。
2. 排查、定位并解决网络转发相关的问题。
3. 持续优化产品，提高可靠性与性能。
4. 改善工作流程，提高开发、测试和运维效率。","1. 3年以上C/C++网络编程经验，数据结构和算法基础扎实。
2. 有DPDK、Linux内核或者性能优化相关经验者更优。
3. 熟悉TCP/IP等网络协议。
4. 思维严密，逻辑清晰，对工作精益求精。
5. 具有良好的沟通、学习和分析解决问题能力。
6. 责任心强，抗压能力强，有团队精神。",2022年10月26日,http://careers.tencent.com/jobdesc.html?postId=1582638848578428928,1,False
1559794015887433728,92471,WXG07-邮箱系统测试工程师,5,广州,14129,WXG,40001002,技术,企业微信,"负责邮箱项目的版本发布测试工作，包括需求分析、设计评审，技术风险评估、缺陷跟踪和质量分析等；
测试方法/工具开发创新、自动化测试体系建设、测试效率提升。","本科及以上学历，2年或2年以上软件测试或开发经验，精通软件测试理论和方法，熟悉主流测试框架和工具； 
熟悉Linux、Tcp/Ip、HTTP网络协议相关知识;熟练掌握C/C++、java、python、shell其中一到两种开发语言；
具备较强的沟通推动能力、项目管理与风险把控能力；
有开发经验/性能调优经验者优先。",2022年12月12日,http://careers.tencent.com/jobdesc.html?postId=1559794015887433728,1,False
1554768440303034368,92160,合金弹头客户端高级GamePlay开发工程师,1,深圳,956,IEG,40001001,技术,腾讯游戏,"负责游戏产品玩法需求的技术可行性评估, 技术方案的设计和实现；
协助引擎研发工程师建立高效的游戏内容制作管线，保障运行性能，完善并持续优化相关工具链；
与策划、美术、服务端程序紧密合作，完善游戏产品，进行各种必要的尝试和探索，打磨用户体验。","三年以上游戏客户端开发经验，至少参与过一款大型重度3D游戏（MMORPG/FPS/MOBA）的研发，对游戏研发技术领域有较为全面的了解和关注；
有引擎开发经验者优先；
熟悉软件研发领域知识(计算机系统、OS、数据结构等)，熟练使用C#, lua, C/C++；
丰富的Unity3D引擎实践经验，熟悉其框架和主要模块的功能特性，并能熟练应用于Gameplay的开发；
出色的学习能力，良好的问题分析解决能力；
责任心强，有较高的团队协作和任务跟进能力，善于沟通，使命必达；
热爱游戏，关注用户体验，有Geek精神，懂得以螺旋上升的方式追求极致。",2022年11月29日,http://careers.tencent.com/jobdesc.html?postId=1554768440303034368,1,False
1537315287227965440,91136,15585-雪中悍刀行-服务器开发工程师(广州),5,广州,956,IEG,40001001,技术,腾讯游戏,"负责手机游戏服务器逻辑功能设计编码以及运营开发工作；
负责部分服务器端的架构工作；
负责部分服务器端的性能优化工作。","热爱游戏，3年以上游戏服务器开发经验；
计算机相关专业本科及以上学历；
精通c/c++语言编程，熟悉数据库设计，熟悉TCP/IP和网络编程，熟悉大规模高性能服务器开发；
良好的分析解决问题能力，良好的团队合作能力, 有高质量的代码，能独立承担任务和有系统进度把控能力。",2022年12月04日,http://careers.tencent.com/jobdesc.html?postId=1537315287227965440,1,False
1546717158128492544,91718,15581-Unity游戏客户端开发工程师（深圳）,1,深圳,956,IEG,40001001,技术,腾讯游戏,"负责游戏客户端开发，实现各种功能并进行相关的自测，跟进测试和持续优化；
与策划、美术、服务器开发等密切配合，进行各种必要的尝试和探索，以使功能达到设计要求并体验良好；
正确客观评估工作量，与PM共同制定合理工作计划并保证进度的达成。","大学本科及以上学历；
2年以上开发工作经验；有游戏开发工作经验的优先；
熟练使用C++、C#语言；了解并使用过Js，Lua等脚本语言的优先；
精通Unity3D引擎或UE引擎的优先；对渲染技术有研究或者性能优化特长者更佳；
对游戏开发充满热情，能够与他人良好配合、协作；
态度认真、严谨，责任心强。",2022年12月01日,http://careers.tencent.com/jobdesc.html?postId=1546717158128492544,1,False
1493548508278431744,89070,CSIG07-零信任后台开发工程师（CSIG全资子公司）,6,武汉,29294,CSIG,40001001,技术,,"1、负责腾讯安全产品iOA产品的后台架构方案设计；
2、负责腾讯安全产品iOA产品的模块开发工作；
3、负责腾讯安全产品iOA产品的线上问题分析与调优。

备注：此岗位为CSIG全资子公司编制。","1、本科及以上学历，3年以上私有化后台架构研发和架构经验；
2、掌握Linux平台下的C/C++/Go一种以上语言并有实际工程经验，熟悉网络编程，掌握常用的通信协议；
3、精通后台的常用中间件原理和应用，包括PostgreSQL，Redis，etcd等；
4、熟悉K8S, Sevice Mesh微服务架构、消息推送等技术者优先考虑。",2022年11月30日,http://careers.tencent.com/jobdesc.html?postId=1493548508278431744,1,False
1583002859278966784,93392,41072-腾讯云音视频研发工程师(CSIG全资子公司),9,西安,29294,CSIG,40001001,技术,,"1. 负责腾讯云5G远程控制音视频业务场景化设计和场景化功能开发，针对不同行业场景打造细分领域的垂直化产品特性。
2. 负责腾讯云5G远程控制音视频业务等场景的问题分析和汇总，剖析客户痛点，设计和完成最符合客户业务场景的解决方案。
3. 负责腾讯云5G远程控制产品的功能维护、技术优化和技术支持工作，包括devops建设、性能优化和客户支持。
","1. 计算机相关专业本科及以上学历，3年以上音视频相关开发经验，具备良好的c/c++编程能力和快速开发能力。
2. 熟练掌握windows和linux端的音视频采集、编解码和渲染开发。
3. 熟悉webrtc框架和掌握webrtc传输协议和原理。
4. 精通c++ /go语言，具备优秀的编码能力。
5. 熟悉软件服务的可运营性建设。
6. 有良好的逻辑思维能力和数据分析能力，善于分析和解决问题。
7. 有良好的沟通能力、团队协作能力和抗压能力，充满责任感和创新意识。
注：此岗位为腾讯集团旗下全资子公司编制岗位",2022年11月17日,http://careers.tencent.com/jobdesc.html?postId=1583002859278966784,1,False
1513820537237807104,90330,15570-知名IP手游-gameplay客户端开发组长（深圳/上海）,1,深圳,956,IEG,40001001,技术,,"带团队负责游戏客户端业务的设计和开发，工作包括但不限于框架设计、开发编码和各类协作；
持续优化性能、需求表现和兼容性；
协同策划建立高效的游戏内容制作管线；
完善并持续优化工具链。","计算机相关专业，本科及以上学历；
5年以上游戏客户端研发经验或2年以上UE4引擎开发经验；
有优秀的软件工程功底与知识结构, 精通C/C++及常用脚本语言；
熟悉设计模式，数据结构和算法；
有优秀的学习能力，热爱游戏事业，良好的团队协作能力与敬业精神；
有手游项目研发管理经验。",2022年12月07日,http://careers.tencent.com/jobdesc.html?postId=1513820537237807104,1,False
1587760589550133248,93585,25927-Performance Analysis Engineer,1301,新加坡,956,IEG,40001002,技术,,"Job Description
As part of QA team，you will play the key role of game performance testing and analysis, making sure the team have the ability to help development team optimizing game performance, figuring out the performance problems of the games and giving efficacious solutions. Multiple 3A games on PC and Consoles are on the way!

What you will do：
1. Construct the performance testing and analysis frame for the team, enable the team on game performance analysis, on platforms both PC and consoles.
2. Collaborate with the development team to understand the whole structure of the  games
3. Take the ownership of game client performance analysis, performance testing tool development(if necessary)","What you bring：
1. 8+ years of experience in game performance testing and performance analysis(client side)
2. Strong knowledge of gaming platforms, both PC and consoles
3. Strong knowledge of GPU rendering analysis（both AMD and Nvidia will be better) and CPU bottleneck analysis, excellent skills in CPU and GPU limitation analyzing, along with debugging and troubleshooting abilities
4. Have the experience in developing testing tools and testing scripts, in any of the following: C/C++, java, python
5. Have a good understanding of game development engines, eg. Unity, Unreal or other engines.",2022年11月10日,http://careers.tencent.com/jobdesc.html?postId=1587760589550133248,1,False
1565612153556180992,92750,18432-通讯业务研发工程师,1,深圳,953,CDG,40001001,技术,,"1、负责通讯业务相关后台系统的设计和开发工作；
2、负责高并发下，业务系统的调优和容灾工作，使系统达到高可用、高可靠、高安全；
3、负责参与相关产品需求讨论与产品系统架构的设计和优化工作。","1、本科以上学历，具备Unix/Linux下C/C++ 5年以上开发经验；
2、精通TCP/IP协议，进程间通讯编程；
3、熟悉Unix/Linux操作系统原理，shell命令，常用工具；
4、熟悉Mysql等数据库管理、开发,SQL调优；
5、精通面向对象设计，熟悉UML等建模工具；
6、要求精通C++，全面的软件知识结构(操作系统、软件工程、设计模式、数据结构、数据库系统、网络安全)；
7、具备良好的分析解决问题能力，能独立承担任务和有系统进度把控能力；
8、责任心强，良好的对外沟通和团队协作能力，主动，好学；
9、有互联网电子商务系统、在线支付、通讯行业相关开发经验者优先。",2022年11月30日,http://careers.tencent.com/jobdesc.html?postId=1565612153556180992,1,False
1555116861547356160,92187,地图基础引擎测试工程师（CSIG全资子公司）,6,武汉,29294,CSIG,40001002,技术,腾讯云,"1、负责腾讯地图引擎SDK产品质量保障工作，通过对业务架构、代码到产品功能的全面理解，保障地图引擎SDK的质量，发现并定位缺陷，推动缺陷修复；
2、参与toC、toB项目交付及测试体系建设，通过对引擎架构的深入研究，对其进行相应接口、功能、性能、稳定性等多维度的质量保证工作，提升引擎的交付质量和效率；
3、负责质量及测试过程中改进工作的落地，包括但不限于自动化测试、DevOPS、推进质量内建等相关工作的具体落地，优化研发效率；

备注：此岗位为腾讯集团旗下全资子公司编制岗位","1、计算机或软件相关专业，本科及以上学历，具备扎实的计算机和软件技术基础；
2、具备扎实的测试经验，能够灵活通过单测/接口测试/性能测试/稳定性测试等手段，高效发现系统缺陷；
3、三年以上软件测试开发经验，能熟练掌握运用至少一门编程语言（C++/java/python/object-c）；
4、了解Devops理念，有CI/CD持续集成相关经验者优先；
5、有参与过ToC/ToB项目交付的标准化测试体系建设者优先，熟悉C端/B端项目的标准化流程；
6、热爱学习，具备自我持续优化的驱动力，且有一定抗压能力、自驱力，有较强责任心和团队协作精神；",2022年11月29日,http://careers.tencent.com/jobdesc.html?postId=1555116861547356160,1,False
1564091038199455744,92683,15851-Senior Windows Engineer - Lightspeed,1301,新加坡,956,IEG,40001001,技术,,"1. Design and implement Windows client framework and features
2. Performance analysis and optimize of Windows client 
3. Work on research and implement client cross platform technology ","1.	Experienced in Windows client development, have developed at least one public released client application 
2.	Strong experienced in C/C++ programming, familiarity with MFC/COM/STL, Windows Programming and Windbg debugging tools
3.	Familiarity with Windows operation system principle, such as File System/Process or thread management/Memory management
4.	Prior experienced in design of full client framework
5.	Prior experienced in performance analysis and optimize
6.	Prior experienced in Windows driver development
7.	Prior experienced in Windows/Android/iOS system low level mechanism
8.	Responsibility, good teamwork and communication skills",2022年11月24日,http://careers.tencent.com/jobdesc.html?postId=1564091038199455744,1,False
1435896063457239040,83401,15575-《王者荣耀》国际版客户端高级开发工程师(玩法方向),8,成都,956,IEG,40001001,技术,,"1，负责王者荣耀活动玩法开发； 
2，负责王者荣耀教学玩法开发； 
3，在技术框架下，实现关卡玩法新机制； 
4，完善开发管线，提升管线效率。","1，本科及以上学历，3年以上游戏开发经验；
2，熟练掌握C#，C++；
3，扎实的算法和数学基础, 系统全面的软件研发领域知识(计算机系统, OS、数据结构等)；
4，有Unity开发经验，有相关工具开发或者流程优化经验；
5，有moba gameplay开发经验优先
6，出色的学习和技术研究应用能力, 良好的团队协作能力, 善于沟通, 敬业专注。",2022年11月23日,http://careers.tencent.com/jobdesc.html?postId=1435896063457239040,1,False
1570683160658714624,92997,WXG11-微信读书高级客户端开发工程师 (广州),5,广州,14129,WXG,40001001,技术,,"1、负责微信读书/听书客户端的开发维护工作，包括性能调优、技术难点攻坚等；
2、参加专项技术调研、新技术探索；
3、参加性能和稳定性相关的体系建设、相关的工具开发，保证软件质量和研发效率。","1、计算机相关专业本科以上学历，三年以上客户端应用开发经验；
2、熟悉 C++/Kotlin/Swift/Objective-C 至少一门客户端语言；
3、深入了解  iOS/Android/Windows/macOS 平台特性，对各种系统运行机制有过深度挖掘优先；
4、有性能优化相关经验，了解常见的性能优化问题以及解决方案；
5、了解 LLVM 编译器和工具链相关技术优先。",2022年12月12日,http://careers.tencent.com/jobdesc.html?postId=1570683160658714624,1,False
1598300083688841216,10000031,IEG/Lightspeed LA - Senior Tools Engineer,408,尔湾,956,IEG,40001001,技术,, US-Irvine,"Requirements:

Passion for games and the tech that makes them come to life

Expert with C++, C# and Python

Experience building parallel or distributed algorithms

Experience developing GUI applications for content creators

Advanced knowledge of game content delivery pipelines and tools

Good 3D math skills

Ability to communicate effectively with technical artists, design and other engineers

High comfort level extending and improving an established code base

Value lean, simple, efficient, well-tested code

Preferred:

Shipped a game on PC and Consoles

Experience with DCC tools like Maya, Houdini, Blender, etc.

Familiarity with AAA asset and code pipelines

Familiarity with console build and deploy pipelines

Experience with Incredibuild

Experience with source control systems such as Perforce",2022年12月07日,https://tencent.wd1.myworkdayjobs.com/Tencent_Careers/job/US-Irvine/IEG-Lightspeed-LA---Senior-Tools-Engineer_4746871002-4,4,False
1600737277149978624,10000082,Channel Sales Director,2201,迪拜,29294,CSIG,40005001,销售、服务与支持,,"• Work with channel partners by promoting cooperative selling to the market.
• Understands customers’ businesses and builds relationships with key decision maker.
• Demonstrate solid knowledge of your customers' positions within an industry or channel, your partners' strategies, needs, and profitability drivers.
• Improve partner performance to enable best practices, training and support.
• Provide customers with Tencent Cloud's value proposition and directly lead key pipelines.
• Utilize networking and prospecting skills to generate leads and identify strategic solution based sales opportunities.
• Develop and manage high-value relationships with key stakeholders.
• Provide leadership and guidance to other team members on enterprise accounts and participate in providing input on sales and marketing collateral.
• Partner with the Business Contracts Manager on contract negotiations.
• Achieve/exceed sales goals, sustain revenue growth and provide recommendations to enhance account growth and revenue potential.
• Preparation and execution of strategic account plans, status reports, sales and revenue forecasting and quota attainment.
• Become proficient in Tencent’s cloud offerings, working to understand customers need and providing service solutions.
• Develop strategic Partner plans based on industry trending(FSI/Manufacturing&Energy/Pan-Internet/ISV) and customer analysis.
• Work closely with the Solutions Engineer team in delivering and ensuring Partners are gaining high value from their investments.
• Manage Partner sales life-cycle for all accounts. UAE-Dubai","• 10+ years’experience selling IT and cloud services, Zero to one market / customer / channel partner breakthrough experience.
• Exhibits “hunter” mentality and possesses outstanding ability to close sales.
• Proven record and strong capability to generate leads, pursue opportunities and sell.
• Experience selling at C-level and working with C-Levels in Partner organisations.
• Outstanding presentation and communication skills. Ability to communicate effectively and tactfully with customer and staff at all levels.
• Possesses strong sensibility for technology.
• Ability to solve customer-related problems in a positive manner.
• Strong in consultative and insight-based selling
• Experience articulating complex solutions to decision makers and executives.
• Proven ability to grow revenue and manage accounts
• Knowledge of Cloud, CDN , SaaS industry and internet space
• Experience analyzing data, trends and the market to develop key selling points
• Experience working with partners (Consulting, Channel, ISV) with a track record of accelerating overall business outcomes.
• The ability to work well in a team environment and to build interdependent partnerships.
• Experience in problem solving, negotiation, and decision making.
• Continually learning about new products, technologies, and communication skill.
• Diplomacy and comfort to manage complex partner conversations.
• Demonstrated aptitude to engage and influence C-level executives.",2022年12月07日,https://tencent.wd1.myworkdayjobs.com/Tencent_Careers/job/UAE-Dubai/Channel-Sales-Director_5317194002-1,4,False
1583340682662125568,93411,28604-微信支付信贷后台开发,1,深圳,14129,WXG,40001001,技术,,"1.基于微信生态，负责 微信分付 等 信贷项目 后台相关的系统方案设计、性能优化、系统可用性建设等研发工作；
2.负责信贷类金融系统的需求分析、方案设计、技术实现和运营维护；
3.负责贷款产品的后台架构长期优化，保障金融服务的安全；
4.参与信贷系统的建设，建模、方案设计、开发、系统可用建设等。
挑战： 金融级支付应用系统的可用性保障及优化； 海量数据后台系统的架构设计及优化；","1、熟悉linux下网络编程及多线程/进程开发模式，良好的算法和数据结构基础
2、熟练掌握或者愿意转C/C++/编程语言，对python语言有一定了解
3、对mysql及kv存储有一定的应用实践经验， 有一定的分布式系统设计的相关实战经验优先
4、对web安全有良好的实践经验
5、敢于思辨，不断进取，对技术有一定追求",2022年11月29日,http://careers.tencent.com/jobdesc.html?postId=1583340682662125568,1,False
1564519848698978304,92710,微信视频号推荐后台开发工程师,2,北京,14129,WXG,40001001,技术,,"负责视频号推荐服务的架构研发，包括样本拼接、特征/正排系统、画像系统、召回、排序、混排等模块；
优化和维护在线推荐服务，改进推荐服务稳定性、效率、延迟，能够分析和优化系统瓶颈，保证系统安全、稳定、高效运行，为亿级用户提供优质体验。
","计算机相关专业，本科及以上学历，3年及以上工作经验； 
熟悉 Linux 开发环境、熟悉C/C++编程语言，熟练掌握常用算法和数据结构，有搜索/广告/推荐方向业务开发经验，熟练掌握至少一门脚本语言（shell/python等） ；
有推荐/广告/搜索等系统构建经验者优先，对推荐系统相关算法了解者优先；
具备扎实数学/算法功底，对机器学习、概率统计等算法原理有所了解者优先。
",2022年11月25日,http://careers.tencent.com/jobdesc.html?postId=1564519848698978304,1,False
1574353624581021696,93109,28600-商户管理后台开发工程师,1,深圳,14129,WXG,40001001,技术,,"1、负责建设合规、完整的商户管理运营能力，涉及到资金安全，运营安全，事务，一致性等；
2、负责微信支付商户的入驻流程能力持续完善，涉及到运营安全，通过机器算法来提高入驻/审核效率等； 
3、负责前沿的技术研发工作，建立金融级的业务流和技术框架。","1.要有求知欲、好奇心，能够自我驱动； 
2.良好的团队合作意识，能和团队打好配合； 
3.熟练掌握C、C++语法，深入理解其特性，掌握C++11/14/17特性更好； 
4.熟悉常用数据结构和算法(比如AVL、Splay、BTree、堆、栈、单模式匹配、多模式匹配等)；
5.熟练掌握SQL语言，能够对数据库、SQL进行基本的调优； 
6.熟练掌握HTTP/HTTPS、理解TCP/IP等协议（会tcpdump、fiddler之类的数据捕获工具并有相应的分析经验）；
7.良好的程序调试功底，能熟练使用GDB工具，能独立分析coredump并找出原因； 
8.良好的软件抽象能力，熟悉常见的设计模式和UML，掌握领域驱动设计为佳。有复杂B端系统经验为佳。",2022年11月29日,http://careers.tencent.com/jobdesc.html?postId=1574353624581021696,1,False
1561880868757184512,92565,高级后台开发工程师,1,深圳,958,TEG,40001001,技术,,"1、负责核心技术的技术架构设计、技术选型、核心代码开发 、难点攻坚等工作，包括但不限于：
*策略研发PaaS平台，AI工程化平台
*海量分布式相似向量检索引擎
*海量多媒体数据预处理
2、掌握行业动态，能够有效理解、分析业务痛点，进行前瞻性的规划和设计","1、本科以上计算机或相关专业，具备Unix/Linux下C/C++/Java/Go其中至少一门语言5年以上开发经验；
2、精通分布式、海量系统的设计与开发；
3、熟悉网络基础知识及架构，了解TCP/IP等常见网络协议，具备良好的成本意识；
4、熟悉前沿的相似检索或推理引擎技术，了解最新的行业动态，在海量检索或者AI工程领域具备一定影响力；",2022年11月18日,http://careers.tencent.com/jobdesc.html?postId=1561880868757184512,1,False
1385434831369805824,76892,28937-游戏AI开发工程师（深圳\北京）,1,深圳,956,IEG,40001001,技术,,"负责游戏AI的算法研究和应用，包括但不限于强化学习、模仿学习等；
负责设计新的强化学习算法，提高强化学习效率和效果，并结合游戏应用场景，提供技术解决方案；
负责前沿技术的探索，推进强化学习在更多业务场景的应用。","本科或以上计算机相关专业；
3年以上游戏开发经验，参与过游戏AI系统的开发；
基础扎实，编码过关，熟悉常用的算法和数据结构，熟练掌握C/C++、Java、Python等至少一门编程语言；
对机器学习、强化学习、深度学习、最优化理论等算法原理及其在互联网行业的应用有较深入的理解和浓厚的兴趣；
熟悉游戏引擎架构，有 Unreal 开发经验优先；
具备较强动手和快速学习能力。
",2022年12月11日,http://careers.tencent.com/jobdesc.html?postId=1385434831369805824,1,False
1598289267954556928,10000015,IEG/Lightspeed Rendering Engineer - VFX,408,尔湾,956,IEG,40001001,技术,,"LightSpeed LA is seeking for a talented and enthusiastic rendering VFX engineer to join our new studio in sunny Irvine California. The ideal candidate will have a strong passion for games and enabling content creators to deliver the most polished experience for our players and push the boundaries of what we can do today. Join our team of industry veterans and help us build a team and culture of respect that pushes boundaries while having lots of fun. 

Responsibilities:

• Help maintain a culture of fast iteration and practical problem solving
• Own the VFX rendering pipeline and tools
• Work with the VFX team to get the most out of the system and implement new solutions to enable them to push the bar higher
• Evolve iteratively existing systems into state of the art solutions US-Irvine","Requirements:

• Passion for games and the technology that makes them come to life
• Excellent 3D math skills
• Good understanding of modern rendering techniques, graphics hardware and rendering APIs
• 2+ years of professional experience with C++ programming in the game industry
• Expert C++ and HLSL knowledge and debugging skills
• Good understanding of PC and/or console hardware bottlenecks and optimization strategies
• Familiar with of multithreaded programming
• Value lean, simple, efficient, well-tested code
• Comfortable maintaining existing large codebase for multiple platforms     
• Team player who works closely with other engineers to make sure our technology provides reliable and fast iteration for our content creators, and a fluid experience for our customers
Preferred:
• Experience working on AAA games
• Shipped a title on PC and/or Consoles",2022年12月07日,https://tencent.wd1.myworkdayjobs.com/Tencent_Careers/job/US-Irvine/IEG-Lightspeed-Rendering-Engineer---VFX_5188792002-1,4,False
1585912988483723264,93514,TEG03-编译器/虚拟机开发工程师,2,北京,958,TEG,40001001,技术,,"参与Tencent Kona JDK 、Python虚拟机、深度学习编译器等产品研发，围绕大数据、广告推荐/AI、游戏等超大规模场景；参与自研静态/动态编译器、GC算法、深度学习编译等研发与优化，并参与OpenJDK等社区贡献。
","扎实的计算机科学基本功，尤其是数据结构、编译原理、操作系统等。
熟练掌握C/C++或Java、python等编程语言。
掌握编译优化、GC等领域知识和设计开发经验。
（加分项）OpenJDK、CPython、深度学习编译器、V8、WebAssemby、gcc/llvm等经验。
（加分项）掌握调试工具、系统性能分析工具和性能工程经验。
（加分项）熟悉编译器的中间表达（IR），熟悉虚拟机内IR实现、内部执行流程，了解JIT编译器的实现等。",2022年12月01日,http://careers.tencent.com/jobdesc.html?postId=1585912988483723264,1,False
1343400313540845568,70916,15575-《王者荣耀》国际版客户端高级开发工程师(专项与基础能力建设),8,成都,956,IEG,40001001,技术,,"1，负责技术专项攻坚；
2，负责公共组件开发；
3，负责发现和改进研发能力中的不足；
4，负责游戏基础技术能力体系建设。","1，本科及以上学历，3年以上游戏开发经验；
2，扎实的计算机体系知识（操作系统，算法，数据结构，编译原理等）；
3，过硬的编程能力（熟悉并熟练使用c++，对11，14，17等现代c++要足够熟悉，对各种编程语言都有经验或者了解）；
4，优秀的软件架构设计能力（最好有开源软件相关经验）；
5，出色的学习和技术研究应用能力, 良好的团队协作能力, 善于沟通, 敬业专注。",2022年11月23日,http://careers.tencent.com/jobdesc.html?postId=1343400313540845568,1,False
1483008842341031936,88305,56097-[XR]VRRuntime 软件开发工程师（深圳）,1,深圳,956,IEG,40001001,技术,,"VR生态建设： OpenXR/GSXR Runtime状态机逻辑开发
1、负责VR Runtime的整体把控，包括架构的设计；
2、对VROS渲染、显示、Input、Disaplay深度定制后的成果进行封装。 以VR Runtime的形式对上层提供接口；
3、负责VR Runtime的多平台开发，以及深度调优和稳定性跟进；","职位要求：
1、本科及以上学历，计算机、电子、通信等相关专业优先；
2、熟练掌握 C/C++、JAVA，具备良好的代码架构能力，能够承担重点、难点的技术攻坚等；
3、英语读写能力良好；
4、熟练掌握Android或Windows操作系统，理解显示系统和窗口管理；
5、深入理解共享内存和显存的知识，有图形渲染开发经验者优先；
6、有良好的团队合作和沟通能力、具备较强的学习能力和解决问题能力；",2022年11月17日,http://careers.tencent.com/jobdesc.html?postId=1483008842341031936,1,False
1448132332786556928,84562,TEG09-操作系统高级研发工程师（深圳/北京）,1,深圳,958,TEG,40001001,技术,,"负责基础系统的开发，如OBS构建系统，软件源，自动化测试系统及镜像构建系统等；                          
负责工具开发，包括安装工具，配置工具，检查修复类工具，备份还原工具等；
负责运营管理类系统开发，如监控系统，性能分析和调优系统等；
负责对外发布系统建设，如安全通告系统，缺陷跟踪系统，产品官网等；
","硕士及以上学历，精通一种或者多种软件开发语言（C/C++、Python、Go等），五年及以上系统软件或者平台软件开发经验；或有前端开发经验；
有开源linux社区经验者优先；
有系统开发工具经验优先，比如obs；
对新技术敏感，求知欲强，能快速学习并具备较强的技术领悟能力；
有强烈的上进心和责任感；具有良好的逻辑思维、语言表达能沟通力及团队协作精神。",2022年11月14日,http://careers.tencent.com/jobdesc.html?postId=1448132332786556928,1,False
1593523645286719488,93843,31504-平台运营开发工程师-西安（CSIG全资子公司）,9,西安,29294,CSIG,40001001,技术,,"1、负责腾讯云IAAS基础设施运营平台系统的架构设计和开发，包括监控告警、自动化平台、运营分析、大数据处理集群等系统的开发与维护；
2、通过运维自动化、智能化的建设，提升腾讯云运维效率与质量；
3、通过机器学习、海量数据处理等相关技术，支持腾讯云智能化运维及精细化运营。
注：此岗位为腾讯集团旗下全资子公司编制岗位","1、具备2年以上开发经验，本科以上学历；
2、至少精通1门开发语言：Python、C/C++、Go；
3、熟悉Linux开发环境，熟悉MYSQL或其他大型数据库，熟悉Web开发框架优先；
4、有运维自动化、监控系统、发布系统、运营支撑系统等开发经验者优先；
5、有海量数据处理、机器学习相关开发经验者优先；
6、具有良好的学习能力、沟通能力、团队合作意识；
7、强烈的责任心与主动性，对所负责工作有owner意识，并能自我驱动成长。 ",2022年12月07日,http://careers.tencent.com/jobdesc.html?postId=1593523645286719488,1,False
